review,rating,date,bank,source,clean_review,slow,crash,login,error,bug,transfer,fail,sentiment
maaliif daddafee install gaafata,3,2025-11-28,Commercial Bank of Ethiopia,Google Play Store,maaliif daddafee install gaafata,False,False,False,False,False,False,False,Neutral
good app,5,2025-11-28,Commercial Bank of Ethiopia,Google Play Store,good app,False,False,False,False,False,False,False,Positive
This application is very important and advantage for transfer of money and finance in the coutry and foriegn country.,5,2025-11-27,Commercial Bank of Ethiopia,Google Play Store,application important advantage transfer money finance coutry foriegn country,False,False,False,False,False,True,False,Positive
why didn't work this app?,1,2025-11-27,Commercial Bank of Ethiopia,Google Play Store,work app,False,False,False,False,False,False,False,Negative
The app makes our life easier. Thank you CBE!,5,2025-11-27,Commercial Bank of Ethiopia,Google Play Store,app makes life easier thank cbe,False,False,False,False,False,False,False,Positive
this app very bad üëé,1,2025-11-27,Commercial Bank of Ethiopia,Google Play Store,app bad,False,False,False,False,False,False,False,Negative
the most advanced app. but how to stay safe?,5,2025-11-27,Commercial Bank of Ethiopia,Google Play Store,advanced app stay safe,False,False,False,False,False,False,False,Positive
Good application,4,2025-11-27,Commercial Bank of Ethiopia,Google Play Store,good application,False,False,False,False,False,False,False,Positive
It is nice app,5,2025-11-26,Commercial Bank of Ethiopia,Google Play Store,nice app,False,False,False,False,False,False,False,Positive
best,5,2025-11-25,Commercial Bank of Ethiopia,Google Play Store,best,False,False,False,False,False,False,False,Positive
"it suddenly asked me to enter the verification key I received. and it (*get your verification key from the nearest CBE Branch*) Now I'm in Australia, what do you expect me to do???! There is no nearest or furthermost cbe Branch!! SO FRUSTRATING! How can I manage my bank account now????",1,2025-11-25,Commercial Bank of Ethiopia,Google Play Store,suddenly asked enter verification key received get verification key nearest cbe branch australia expect nearest furthermost cbe branch frustrating manage bank account,False,False,False,False,False,False,False,Negative
nice app...,5,2025-11-25,Commercial Bank of Ethiopia,Google Play Store,nice app,False,False,False,False,False,False,False,Positive
very good banking service and fast service,5,2025-11-24,Commercial Bank of Ethiopia,Google Play Store,good banking service fast service,False,False,False,False,False,False,False,Positive
thanks blc this app help me to use all time,5,2025-11-24,Commercial Bank of Ethiopia,Google Play Store,thanks blc app help use time,False,False,False,False,False,False,False,Positive
good,5,2025-11-24,Commercial Bank of Ethiopia,Google Play Store,good,False,False,False,False,False,False,False,Positive
why we can't send money to other people telebirr wallets??,1,2025-11-24,Commercial Bank of Ethiopia,Google Play Store,send money people telebirr wallets,False,False,False,False,False,False,False,Negative
·ä†·â≥·çç·à©·àù ·åç·äï ·àà15 birr 11.50 ·â•·à≠ ·àµ·âµ·âÜ·à≠·å° ·ã≠·àµ·â∞·ä´·ä®·àç·àç·äï,1,2025-11-23,Commercial Bank of Ethiopia,Google Play Store,birr,False,False,False,False,False,False,False,Negative
·â†·å£·àù ·âÄ·àã·àç·äì ·àù·âπ ·äê·ãç·ç¢,5,2025-11-23,Commercial Bank of Ethiopia,Google Play Store,,False,False,False,False,False,False,False,Positive
wow,5,2025-11-23,Commercial Bank of Ethiopia,Google Play Store,wow,False,False,False,False,False,False,False,Positive
nice,5,2025-11-22,Commercial Bank of Ethiopia,Google Play Store,nice,False,False,False,False,False,False,False,Positive
you are the reason why i got ye chogara himem,1,2025-11-22,Commercial Bank of Ethiopia,Google Play Store,reason got ye chogara himem,False,False,False,False,False,False,False,Negative
it is so smart app i recommend it for everyone,5,2025-11-22,Commercial Bank of Ethiopia,Google Play Store,smart app recommend everyone,False,False,False,False,False,False,False,Positive
excellent,5,2025-11-22,Commercial Bank of Ethiopia,Google Play Store,excellent,False,False,False,False,False,False,False,Positive
·ã≥·åä,5,2025-11-21,Commercial Bank of Ethiopia,Google Play Store,,False,False,False,False,False,False,False,Positive
absolutely right,5,2025-11-21,Commercial Bank of Ethiopia,Google Play Store,absolutely right,False,False,False,False,False,False,False,Positive
mid application it's so annoying,3,2025-11-20,Commercial Bank of Ethiopia,Google Play Store,mid application annoying,False,False,False,False,False,False,False,Neutral
I used morethan one year,4,2025-11-20,Commercial Bank of Ethiopia,Google Play Store,used morethan one year,False,False,False,False,False,False,False,Positive
no word can explane about this app it is nice üëçüëçüëçüëçüëç,5,2025-11-20,Commercial Bank of Ethiopia,Google Play Store,word explane app nice,False,False,False,False,False,False,False,Positive
"It's great app,I love this app",5,2025-11-20,Commercial Bank of Ethiopia,Google Play Store,great app love app,False,False,False,False,False,False,False,Positive
Nice,5,2025-11-19,Commercial Bank of Ethiopia,Google Play Store,nice,False,False,False,False,False,False,False,Positive
suckkkks,1,2025-11-19,Commercial Bank of Ethiopia,Google Play Store,suckkkks,False,False,False,False,False,False,False,Negative
not allowing to transfer and showing current statement updates.,1,2025-11-19,Commercial Bank of Ethiopia,Google Play Store,allowing transfer showing current statement updates,False,False,False,False,False,True,False,Negative
I love you this app,5,2025-11-19,Commercial Bank of Ethiopia,Google Play Store,love app,False,False,False,False,False,False,False,Positive
"fast and convenient app, thanks for your dedication as a bank to provide good options to your cuatomers.",1,2025-11-19,Commercial Bank of Ethiopia,Google Play Store,fast convenient app thanks dedication bank provide good options cuatomers,False,False,False,False,False,False,False,Negative
make life easy,5,2025-11-19,Commercial Bank of Ethiopia,Google Play Store,make life easy,False,False,False,False,False,False,False,Positive
securr,5,2025-11-19,Commercial Bank of Ethiopia,Google Play Store,securr,False,False,False,False,False,False,False,Positive
My most optional bank,5,2025-11-17,Commercial Bank of Ethiopia,Google Play Store,optional bank,False,False,False,False,False,False,False,Positive
5 star,5,2025-11-17,Commercial Bank of Ethiopia,Google Play Store,star,False,False,False,False,False,False,False,Positive
it is fantastic app.,5,2025-11-16,Commercial Bank of Ethiopia,Google Play Store,fantastic app,False,False,False,False,False,False,False,Positive
sifen,5,2025-11-16,Commercial Bank of Ethiopia,Google Play Store,sifen,False,False,False,False,False,False,False,Positive
i like this‚àö,4,2025-11-16,Commercial Bank of Ethiopia,Google Play Store,like,False,False,False,False,False,False,False,Positive
Ok,3,2025-11-16,Commercial Bank of Ethiopia,Google Play Store,ok,False,False,False,False,False,False,False,Neutral
·å•·à© App ·äê·ãâ ·ç¢ ·ã®·äî ·ã®·åç·àç ·ä†·àµ·â∞·ã´·ã®·âµ- Update ·ãà·ã≠·äï·àù cache cleaning app ·à≤·ã∞·à®·åç ·àà·àù·äï·ãµ·äê·ãâ ·ã∞·åç·àò·äï login ·àµ·äì·ã∞·à≠·åç Restricted ·àö·ã´·ã∞·à≠·åà·ãâ ·â¢·àµ·â∞·ä´·ä®·àç ·ä•·äï·ã∞ ·àÄ·à≥·â• ·å•·à© ·äê·ãâ·ç¢ ·â†·ãõ·àã·ã≠ ·ãµ·åã·àö ·ä†·ä≠·â≤·â¨·âµ ·àà·àõ·àµ·ã∞·à®·åç ·ä®·çç·àà·äï ..,5,2025-11-15,Commercial Bank of Ethiopia,Google Play Store,app update cache cleaning app login restricted,False,False,True,False,False,False,False,Positive
"Seriously, what‚Äôs going on with this app? The ""Pay to Beneficiary"" option is completely disabled for Android users, yet iOS users get full access without restrictions. Why are Android users being treated like second class customers? It‚Äôs the same app, the same service, but clearly not the same experience. This kind of platform bias is unacceptable, either give everyone the same features or be transparent about why you‚Äôre limiting functionality. Right now, it just feels unfair and frustrating.",1,2025-11-15,Commercial Bank of Ethiopia,Google Play Store,seriously going app pay beneficiary option completely disabled android users yet ios users get full access without restrictions android users treated like second class customers app service clearly experience kind platform bias unacceptable either give everyone features transparent limiting functionality right feels unfair frustrating,False,False,False,False,False,False,False,Negative
Like,5,2025-11-13,Commercial Bank of Ethiopia,Google Play Store,like,False,False,False,False,False,False,False,Positive
Nice and very useful app i like it!,5,2025-11-13,Commercial Bank of Ethiopia,Google Play Store,nice useful app like,False,False,False,False,False,False,False,Positive
Good,5,2025-11-13,Commercial Bank of Ethiopia,Google Play Store,good,False,False,False,False,False,False,False,Positive
smart app,4,2025-11-12,Commercial Bank of Ethiopia,Google Play Store,smart app,False,False,False,False,False,False,False,Positive
good App,5,2025-11-12,Commercial Bank of Ethiopia,Google Play Store,good app,False,False,False,False,False,False,False,Positive
sync problem may 22 2025 but the date stack on may 8 2025 help pls,5,2025-11-12,Commercial Bank of Ethiopia,Google Play Store,sync problem may date stack may help pls,False,False,False,False,False,False,False,Positive
ok,5,2025-11-11,Commercial Bank of Ethiopia,Google Play Store,ok,False,False,False,False,False,False,False,Positive
cbe is my choice,4,2025-11-11,Commercial Bank of Ethiopia,Google Play Store,cbe choice,False,False,False,False,False,False,False,Positive
Awesome,5,2025-11-11,Commercial Bank of Ethiopia,Google Play Store,awesome,False,False,False,False,False,False,False,Positive
I am not able to transfer. The app is not responding,1,2025-11-11,Commercial Bank of Ethiopia,Google Play Store,able transfer app responding,False,False,False,False,False,True,False,Negative
Very convenient App,5,2025-11-11,Commercial Bank of Ethiopia,Google Play Store,convenient app,False,False,False,False,False,False,False,Positive
excellent but sometimes can not connect,5,2025-11-10,Commercial Bank of Ethiopia,Google Play Store,excellent sometimes connect,False,False,False,False,False,False,False,Positive
wow apk,5,2025-11-10,Commercial Bank of Ethiopia,Google Play Store,wow apk,False,False,False,False,False,False,False,Positive
best 100 %,5,2025-11-10,Commercial Bank of Ethiopia,Google Play Store,best,False,False,False,False,False,False,False,Positive
bad app,1,2025-11-10,Commercial Bank of Ethiopia,Google Play Store,bad app,False,False,False,False,False,False,False,Negative
best app,5,2025-11-10,Commercial Bank of Ethiopia,Google Play Store,best app,False,False,False,False,False,False,False,Positive
nice app,5,2025-11-10,Commercial Bank of Ethiopia,Google Play Store,nice app,False,False,False,False,False,False,False,Positive
the app constantly glitches and won't stop loading despite having a decent connection and a cleared cache. telebirr is way better,1,2025-11-10,Commercial Bank of Ethiopia,Google Play Store,app constantly glitches stop loading despite decent connection cleared cache telebirr way better,False,False,False,False,False,False,False,Negative
I can't access it properly I think it needs update,1,2025-11-10,Commercial Bank of Ethiopia,Google Play Store,access properly think needs update,False,False,False,False,False,False,False,Negative
üëåüëå,5,2025-11-10,Commercial Bank of Ethiopia,Google Play Store,,False,False,False,False,False,False,False,Positive
best üëå,5,2025-11-10,Commercial Bank of Ethiopia,Google Play Store,best,False,False,False,False,False,False,False,Positive
not Refresh,2,2025-11-10,Commercial Bank of Ethiopia,Google Play Store,refresh,False,False,False,False,False,False,False,Negative
your statement is not used as wanted,1,2025-11-10,Commercial Bank of Ethiopia,Google Play Store,statement used wanted,False,False,False,False,False,False,False,Negative
good very good,5,2025-11-09,Commercial Bank of Ethiopia,Google Play Store,good good,False,False,False,False,False,False,False,Positive
this is absolute trash why because it's not Woking most time the servers are down even though I'm using 4g data Internet they steal not working they use to work with out even data package now it's trash can't even send money,1,2025-11-09,Commercial Bank of Ethiopia,Google Play Store,absolute trash woking time servers even though using g data internet steal working use work even data package trash even send money,False,False,False,False,False,False,False,Negative
Bayeee galatooma kana caalati nu gammachisa üåèü§åüèªüí¥üí∏ü•∞üëåüèªüôèüèª,5,2025-11-08,Commercial Bank of Ethiopia,Google Play Store,bayeee galatooma kana caalati nu gammachisa,False,False,False,False,False,False,False,Positive
Good !,5,2025-11-08,Commercial Bank of Ethiopia,Google Play Store,good,False,False,False,False,False,False,False,Positive
i like it,5,2025-11-08,Commercial Bank of Ethiopia,Google Play Store,like,False,False,False,False,False,False,False,Positive
Very nice app,5,2025-11-08,Commercial Bank of Ethiopia,Google Play Store,nice app,False,False,False,False,False,False,False,Positive
the app is not functional this week.,4,2025-11-08,Commercial Bank of Ethiopia,Google Play Store,app functional week,False,False,False,False,False,False,False,Positive
very updated bank,5,2025-11-06,Commercial Bank of Ethiopia,Google Play Store,updated bank,False,False,False,False,False,False,False,Positive
tankyu,5,2025-11-05,Commercial Bank of Ethiopia,Google Play Store,tankyu,False,False,False,False,False,False,False,Positive
Numbers 2 and 3 don't write during pin verification.,5,2025-11-05,Commercial Bank of Ethiopia,Google Play Store,numbers write pin verification,False,False,False,False,False,False,False,Positive
"once it is uninstalled, you need to visit a nearby bank. you go there and they ask you to have a new sim card which hasn't been used before. so you should buy a new sim card and you go back to them with a new sim card, when you reach there service provider says authentication pin is not arrive, the system is not working come back tomorrow.",1,2025-11-05,Commercial Bank of Ethiopia,Google Play Store,uninstalled need visit nearby bank go ask new sim card used buy new sim card go back new sim card reach service provider says authentication pin arrive system working come back tomorrow,False,False,False,False,False,False,False,Negative
loved it,5,2025-11-05,Commercial Bank of Ethiopia,Google Play Store,loved,False,False,False,False,False,False,False,Positive
this app is not working on my phone,5,2025-11-03,Commercial Bank of Ethiopia,Google Play Store,app working phone,False,False,False,False,False,False,False,Positive
CBE needs to show transaction fees before the transaction is confirmed and not after. This is a big issue as fees are no longer insignificant.,3,2025-11-03,Commercial Bank of Ethiopia,Google Play Store,cbe needs show transaction fees transaction confirmed big issue fees longer insignificant,False,False,False,False,False,False,False,Neutral
"After the recent updates, I am unable to download a receipt. I can't see the names of account holders I've previously transacted with. Very important. Please fix it asap.",1,2025-11-03,Commercial Bank of Ethiopia,Google Play Store,recent updates unable download receipt see names account holders previously transacted important please fix asap,False,False,False,False,False,False,False,Negative
wow üòòüòòüòò,4,2025-11-02,Commercial Bank of Ethiopia,Google Play Store,wow,False,False,False,False,False,False,False,Positive
mobile banking broblem,5,2025-11-01,Commercial Bank of Ethiopia,Google Play Store,mobile banking broblem,False,False,False,False,False,False,False,Positive
good job,5,2025-11-01,Commercial Bank of Ethiopia,Google Play Store,good job,False,False,False,False,False,False,False,Positive
it is a good and clear apps to use,4,2025-10-31,Commercial Bank of Ethiopia,Google Play Store,good clear apps use,False,False,False,False,False,False,False,Positive
·àà·àù·äï·ãµ·äï ·äê·ãç ·ä®·äï·åç·ãµ ·â£·äï·ä≠ ·ãà·ã∞ ·â¥·àå·â•·à≠ 5 ·â•·à≠ ·à≤·â∞·àã·àà·çç 11 ·â•·à≠ ·ä•·äï·ã≤·âÜ·à≠·å• ·ã´·ã∞·à®·åã·âΩ·àÅ·âµ,1,2025-10-31,Commercial Bank of Ethiopia,Google Play Store,,False,False,False,False,False,False,False,Negative
I love this app b/c every option in the app very clear and supportive.,5,2025-10-30,Commercial Bank of Ethiopia,Google Play Store,love app b c every option app clear supportive,False,False,False,False,False,False,False,Positive
niiceh,5,2025-10-29,Commercial Bank of Ethiopia,Google Play Store,niiceh,False,False,False,False,False,False,False,Positive
the app is good but their is no dark mode you have to add it,3,2025-10-29,Commercial Bank of Ethiopia,Google Play Store,app good dark mode add,False,False,False,False,False,False,False,Neutral
ü§Æ,1,2025-10-29,Commercial Bank of Ethiopia,Google Play Store,,False,False,False,False,False,False,False,Negative
abdulakim abrahim elemoo,5,2025-10-29,Commercial Bank of Ethiopia,Google Play Store,abdulakim abrahim elemoo,False,False,False,False,False,False,False,Positive
strong,5,2025-10-28,Commercial Bank of Ethiopia,Google Play Store,strong,False,False,False,False,False,False,False,Positive
Abebaw Zenebe,5,2025-10-28,Commercial Bank of Ethiopia,Google Play Store,abebaw zenebe,False,False,False,False,False,False,False,Positive
good I love it keep it up but if we had a new update that will be fire Soo good,5,2025-10-27,Commercial Bank of Ethiopia,Google Play Store,good love keep new update fire soo good,False,False,False,False,False,False,False,Positive
Cbe,5,2025-10-27,Commercial Bank of Ethiopia,Google Play Store,cbe,False,False,False,False,False,False,False,Positive
Active and granted system,5,2025-10-27,Commercial Bank of Ethiopia,Google Play Store,active granted system,False,False,False,False,False,False,False,Positive
fast app,4,2025-10-27,Commercial Bank of Ethiopia,Google Play Store,fast app,False,False,False,False,False,False,False,Positive
cool üòé,5,2025-10-27,Commercial Bank of Ethiopia,Google Play Store,cool,False,False,False,False,False,False,False,Positive
Galaxy A10s,3,2025-10-26,Commercial Bank of Ethiopia,Google Play Store,galaxy,False,False,False,False,False,False,False,Neutral
the best apps,5,2025-10-26,Commercial Bank of Ethiopia,Google Play Store,best apps,False,False,False,False,False,False,False,Positive
arif app new,5,2025-10-26,Commercial Bank of Ethiopia,Google Play Store,arif app new,False,False,False,False,False,False,False,Positive
laga Bari biranch,5,2025-10-26,Commercial Bank of Ethiopia,Google Play Store,laga bari biranch,False,False,False,False,False,False,False,Positive
·äê·äê·à†·äê·à†·à†·äê·à†·à†·à†·à†·äê·ã®·äê,5,2025-10-26,Commercial Bank of Ethiopia,Google Play Store,,False,False,False,False,False,False,False,Positive
I would like to suggest you improve the time out as it takes the money and doesn't return it back until the next day.,3,2025-10-25,Commercial Bank of Ethiopia,Google Play Store,would like suggest improve time takes money return back next day,False,False,False,False,False,False,False,Neutral
Attractive,5,2025-10-25,Commercial Bank of Ethiopia,Google Play Store,attractive,False,False,False,False,False,False,False,Positive
mite,5,2025-10-24,Commercial Bank of Ethiopia,Google Play Store,mite,False,False,False,False,False,False,False,Positive
useful,5,2025-10-24,Commercial Bank of Ethiopia,Google Play Store,useful,False,False,False,False,False,False,False,Positive
"not good, not bad!",3,2025-10-23,Commercial Bank of Ethiopia,Google Play Store,good bad,False,False,False,False,False,False,False,Neutral
very good,5,2025-10-23,Commercial Bank of Ethiopia,Google Play Store,good,False,False,False,False,False,False,False,Positive
·ä•·åÖ·åç ·â†·å£·àù ·ä†·àµ·âÄ·ã´·àö ·å†·âÅ·ä†·àù ·ãò·à®·çã ·â†·àö·â£·àç ·ã∞·à≠·åÉ ·ã® ·ä†·åà·àç·åç·àé·âµ ·ã®·àö·âÄ·â†·àç ·ã´·àç·à∞·à´·â†·âµ·äï ·ã®·åà·ãõ ·åà·äï·ãù·â†·â£·âΩ·äï·äï ·â∞·ãò·à®·çç·äï ·ä® 100·â•·à≠ 10·â•·à≠ ·ã®·ä†·åà·àç·åç·àé·âµ ·àõ·àµ·ä®·çà·àç ·àù·äï ·àõ·àà·âµ ·äê·ãç ·ä•·â£·ä´·âΩ·àÅ ·ä•·ã©·âµ ·ä•·àµ·âµ·ã≠ ·ä® ·àû·â£·ã≠·àç ·â£·äï·ä≠ ·ãà·ã∞ ampsa ·ä†·àµ·â∞·àã·àç·çâ·äì ·ä•·ã©·âµ ·â†·å£·àù ·ã≠·åà·à≠·àõ·àç ·àå·â£ ·â•·ã´·â∏·ãã·àç·àÅ,1,2025-10-22,Commercial Bank of Ethiopia,Google Play Store,ampsa,False,False,False,False,False,False,False,Negative
imp,5,2025-10-22,Commercial Bank of Ethiopia,Google Play Store,imp,False,False,False,False,False,False,False,Positive
super fast app,5,2025-10-21,Commercial Bank of Ethiopia,Google Play Store,super fast app,False,False,False,False,False,False,False,Positive
"The app has a nice design and useful features like balance check and transfers, but it‚Äôs unstable and often fails to connect. It also forces users to turn off Developer Options, which is unnecessary ‚Äî other banking apps work fine without that. Many people use Developer Mode for normal reasons. Please fix performance issues, remove this restriction, and add biometric login for better security and convenience",2,2025-10-19,Commercial Bank of Ethiopia,Google Play Store,app nice design useful features like balance check transfers unstable often fails connect also forces users turn developer options unnecessary banking apps work fine without many people use developer mode normal reasons please fix performance issues remove restriction add biometric login better security convenience,False,False,True,False,False,True,True,Negative
cbe,4,2025-10-18,Commercial Bank of Ethiopia,Google Play Store,cbe,False,False,False,False,False,False,False,Positive
"it says ""ti is work any more in your device"" what can i do??",1,2025-10-18,Commercial Bank of Ethiopia,Google Play Store,says ti work device,False,False,False,False,False,False,False,Negative
blah blah blah,5,2025-10-18,Commercial Bank of Ethiopia,Google Play Store,blah blah blah,False,False,False,False,False,False,False,Positive
bad ·åç·ã¥·â≥ ·àò·àÜ·äï·àÅ,1,2025-10-17,Commercial Bank of Ethiopia,Google Play Store,bad,False,False,False,False,False,False,False,Negative
CBE no.1,5,2025-10-17,Commercial Bank of Ethiopia,Google Play Store,cbe,False,False,False,False,False,False,False,Positive
"it's not work correctly when it's needed sometimes, but it works sometimes though",2,2025-10-16,Commercial Bank of Ethiopia,Google Play Store,work correctly needed sometimes works sometimes though,False,False,False,False,False,False,False,Negative
its easy to use and more secured than the previous one. i love it and appreciate commercial bank of ethiopia for every time update.,5,2025-10-16,Commercial Bank of Ethiopia,Google Play Store,easy use secured previous one love appreciate commercial bank ethiopia every time update,False,False,False,False,False,False,False,Positive
gooof,5,2025-10-16,Commercial Bank of Ethiopia,Google Play Store,gooof,False,False,False,False,False,False,False,Positive
"Suddenly the cbe application I was using stopped working and called callcenter, I was told it's because it expired and I should vist any branch to fix it. So I went to CBE Silassie branch.After filling a form they gave me, I sat down and waited until they finish fixing 2 customer's case who arrived before me. But then when it was my turn ppl who came after me with same mobile banking and even Atm card cases were finishing up and leaving I had to get back to my work so I left.with no service.why?",1,2025-10-16,Commercial Bank of Ethiopia,Google Play Store,suddenly cbe application using stopped working called callcenter told expired vist branch fix went cbe silassie branch filling form gave sat waited finish fixing customer case arrived turn ppl came mobile banking even atm card cases finishing leaving get back work left service,False,False,False,False,False,False,False,Negative
Best app,5,2025-10-16,Commercial Bank of Ethiopia,Google Play Store,best app,False,False,False,False,False,False,False,Positive
still not perfect like before,1,2025-10-15,Commercial Bank of Ethiopia,Google Play Store,still perfect like,False,False,False,False,False,False,False,Negative
This app dash board is disturbing me. it is not showing me traxation and my balance while displaying others option on dashboard. I think it is a risk full appüò≠üò≠üò≠ü§§ü§§,1,2025-10-15,Commercial Bank of Ethiopia,Google Play Store,app dash board disturbing showing traxation balance displaying others option dashboard think risk full app,False,False,False,False,False,False,False,Negative
APPLIED,1,2025-10-14,Commercial Bank of Ethiopia,Google Play Store,applied,False,False,False,False,False,False,False,Negative
10 years ago,4,2025-10-14,Commercial Bank of Ethiopia,Google Play Store,years ago,False,False,False,False,False,False,False,Positive
Asefa Obsa,5,2025-10-14,Commercial Bank of Ethiopia,Google Play Store,asefa obsa,False,False,False,False,False,False,False,Positive
it's good app,5,2025-10-14,Commercial Bank of Ethiopia,Google Play Store,good app,False,False,False,False,False,False,False,Positive
very slow,1,2025-10-14,Commercial Bank of Ethiopia,Google Play Store,slow,True,False,False,False,False,False,False,Negative
berhan deriba wami,4,2025-10-14,Commercial Bank of Ethiopia,Google Play Store,berhan deriba wami,False,False,False,False,False,False,False,Positive
mahamad Usman,5,2025-10-13,Commercial Bank of Ethiopia,Google Play Store,mahamad usman,False,False,False,False,False,False,False,Positive
Erako,5,2025-10-13,Commercial Bank of Ethiopia,Google Play Store,erako,False,False,False,False,False,False,False,Positive
üî•üî•üî•üî•üî•,5,2025-10-13,Commercial Bank of Ethiopia,Google Play Store,,False,False,False,False,False,False,False,Positive
opne,5,2025-10-13,Commercial Bank of Ethiopia,Google Play Store,opne,False,False,False,False,False,False,False,Positive
mehommd nuri,5,2025-10-13,Commercial Bank of Ethiopia,Google Play Store,mehommd nuri,False,False,False,False,False,False,False,Positive
Best,5,2025-10-12,Commercial Bank of Ethiopia,Google Play Store,best,False,False,False,False,False,False,False,Positive
providing very secure service.,5,2025-10-12,Commercial Bank of Ethiopia,Google Play Store,providing secure service,False,False,False,False,False,False,False,Positive
apk ·ä†·à™·çç ·äê·ãç ·åç·äï ·â†·å£·àù apkwun ·ã®·àö·ä®·çç·â± ·ã® ·â£·äï·ä≠ ·à∞·à´·â∞·äû·âΩ ·â†·å£·àù ·ã∞·ä´·àõ ·äì·â∏·ãç ·à≤·ã´·àµ·â∞·äì·åç·ã± ·àà ·ã∞·äï·â†·äõ ·ä≠·â•·à≠ ·ã®·àã·â∏·ãç·àù ·ä•·äî ·àò·àò·àã·àà·àµ ·ä®·åÄ·àò·à≠·ä© ·âÜ·ã®·ãç ·åç·äï ·àò·çç·âµ·àÖ ·àã·åà·äù ·ä†·àç·âΩ·àç·ä©·àù ::,1,2025-10-12,Commercial Bank of Ethiopia,Google Play Store,apk apkwun,False,False,False,False,False,False,False,Negative
·ã≥·à≠ ·äë·àÆ ·àã·àà·ãç ·ä£·çç·à™·âª·äï ·ãç,5,2025-10-12,Commercial Bank of Ethiopia,Google Play Store,,False,False,False,False,False,False,False,Positive
RIYAD Mohammed Abaoli 92 527 2567,5,2025-10-12,Commercial Bank of Ethiopia,Google Play Store,riyad mohammed abaoli,False,False,False,False,False,False,False,Positive
it doesn't show bank statement and no options to see transactions for the past months.,2,2025-10-12,Commercial Bank of Ethiopia,Google Play Store,show bank statement options see transactions past months,False,False,False,False,False,False,False,Negative
Mamma Husen,2,2025-10-11,Commercial Bank of Ethiopia,Google Play Store,mamma husen,False,False,False,False,False,False,False,Negative
3 stars because I can't see all my transaction history apart from the recents and a refresh button has been removed from the Recents activity. The app should allow clients to view all of the transactions not just recents.,3,2025-10-11,Commercial Bank of Ethiopia,Google Play Store,stars see transaction history apart recents refresh button removed recents activity app allow clients view transactions recents,False,False,False,False,False,False,False,Neutral
exceptional application from others bank,5,2025-10-10,Commercial Bank of Ethiopia,Google Play Store,exceptional application others bank,False,False,False,False,False,False,False,Positive
"it is very nice. but i have a serious suggestion when you send to other cbe birr customer, it does not show the name of the recipient befor it actually send the money. please improve this",4,2025-10-10,Commercial Bank of Ethiopia,Google Play Store,nice serious suggestion send cbe birr customer show name recipient befor actually send money please improve,False,False,False,False,False,False,False,Positive
goodüëçüëçüëçüòäüòäüòä,5,2025-10-10,Commercial Bank of Ethiopia,Google Play Store,good,False,False,False,False,False,False,False,Positive
really good app,5,2025-10-10,Commercial Bank of Ethiopia,Google Play Store,really good app,False,False,False,False,False,False,False,Positive
smart bank CBE,5,2025-10-10,Commercial Bank of Ethiopia,Google Play Store,smart bank cbe,False,False,False,False,False,False,False,Positive
Ali urgesa11,3,2025-10-09,Commercial Bank of Ethiopia,Google Play Store,ali urgesa,False,False,False,False,False,False,False,Neutral
it's good,5,2025-10-09,Commercial Bank of Ethiopia,Google Play Store,good,False,False,False,False,False,False,False,Positive
Good apps,5,2025-10-09,Commercial Bank of Ethiopia,Google Play Store,good apps,False,False,False,False,False,False,False,Positive
password ·â†·å£·âµ ·ä†·àª·à´ ·â¢·äñ·à®·ãç ·àò·àç·ä´·àù ·äê·â†·à≠,4,2025-10-09,Commercial Bank of Ethiopia,Google Play Store,password,False,False,False,False,False,False,False,Positive
best app i ever seen,5,2025-10-09,Commercial Bank of Ethiopia,Google Play Store,best app ever seen,False,False,False,False,False,False,False,Positive
it's game changing in financial system,4,2025-10-09,Commercial Bank of Ethiopia,Google Play Store,game changing financial system,False,False,False,False,False,False,False,Positive
"z,MKT 20_._!8+‚Öì‚Öïüòòr",1,2025-10-09,Commercial Bank of Ethiopia,Google Play Store,z mkt r,False,False,False,False,False,False,False,Negative
will good updating,5,2025-10-09,Commercial Bank of Ethiopia,Google Play Store,good updating,False,False,False,False,False,False,False,Positive
"service charge , vat, fee everything here is not yours they wanna take what you have, everything is not fair",1,2025-10-08,Commercial Bank of Ethiopia,Google Play Store,service charge vat fee everything wanna take everything fair,False,False,False,False,False,False,False,Negative
why removing screenshot feature why?,2,2025-10-08,Commercial Bank of Ethiopia,Google Play Store,removing screenshot feature,False,False,False,False,False,False,False,Negative
very good application! thank you all who participate!,5,2025-10-08,Commercial Bank of Ethiopia,Google Play Store,good application thank participate,False,False,False,False,False,False,False,Positive
application bank commercial Ethiopia I am very happy to be able to appear in a great job on a pleasant job,5,2025-10-08,Commercial Bank of Ethiopia,Google Play Store,application bank commercial ethiopia happy able appear great job pleasant job,False,False,False,False,False,False,False,Positive
user compatible app!,5,2025-10-08,Commercial Bank of Ethiopia,Google Play Store,user compatible app,False,False,False,False,False,False,False,Positive
"I am trying to access this app on my Android phone, but sometimes doesn't work. so kindly try to improve it.",3,2025-10-07,Commercial Bank of Ethiopia,Google Play Store,trying access app android phone sometimes work kindly try improve,False,False,False,False,False,False,False,Neutral
what an amazing app. you know how much it simplify life. Thanks cbe. I proud of you.,5,2025-10-07,Commercial Bank of Ethiopia,Google Play Store,amazing app know much simplify life thanks cbe proud,False,False,False,False,False,False,False,Positive
Our Commercial Bank of Ethiopia is Good !,5,2025-10-06,Commercial Bank of Ethiopia,Google Play Store,commercial bank ethiopia good,False,False,False,False,False,False,False,Positive
Asledin Ibsa,5,2025-10-06,Commercial Bank of Ethiopia,Google Play Store,asledin ibsa,False,False,False,False,False,False,False,Positive
terrible when showing history of transaction it shows in disorganised way,3,2025-10-05,Commercial Bank of Ethiopia,Google Play Store,terrible showing history transaction shows disorganised way,False,False,False,False,False,False,False,Neutral
my bank,5,2025-10-05,Commercial Bank of Ethiopia,Google Play Store,bank,False,False,False,False,False,False,False,Positive
Data,5,2025-10-04,Commercial Bank of Ethiopia,Google Play Store,data,False,False,False,False,False,False,False,Positive
"lately I am facing a problem with the app ,and the problem is when log in and inter my pin it doesn't work at all and says 'can't sync' why does it say that I was working fine a few day ago and also it says when I enter my pin 'change your pin to 6 digit pin and it doesn't allow me to change it please solve what is the problem with the app ?",2,2025-10-04,Commercial Bank of Ethiopia,Google Play Store,lately facing problem app problem log inter pin work says sync say working fine day ago also says enter pin change pin digit pin allow change please solve problem app,False,False,False,False,False,False,False,Negative
excellent app with lots of features,5,2025-10-04,Commercial Bank of Ethiopia,Google Play Store,excellent app lots features,False,False,False,False,False,False,False,Positive
very good üëç mobile banking,5,2025-10-04,Commercial Bank of Ethiopia,Google Play Store,good mobile banking,False,False,False,False,False,False,False,Positive
so special,5,2025-10-04,Commercial Bank of Ethiopia,Google Play Store,special,False,False,False,False,False,False,False,Positive
wiiy ewdihiliw esimirt niho yitnehew metgeyot ‚ù§üíûü§îüò¥ü§©üòç,1,2025-10-03,Commercial Bank of Ethiopia,Google Play Store,wiiy ewdihiliw esimirt niho yitnehew metgeyot,False,False,False,False,False,False,False,Negative
woow cbe,5,2025-10-03,Commercial Bank of Ethiopia,Google Play Store,woow cbe,False,False,False,False,False,False,False,Positive
cbe the best bank app,4,2025-10-03,Commercial Bank of Ethiopia,Google Play Store,cbe best bank app,False,False,False,False,False,False,False,Positive
This App CBE bank it's Simple and Smart I Like it.,5,2025-10-03,Commercial Bank of Ethiopia,Google Play Store,app cbe bank simple smart like,False,False,False,False,False,False,False,Positive
Rijalufaris,5,2025-10-02,Commercial Bank of Ethiopia,Google Play Store,rijalufaris,False,False,False,False,False,False,False,Positive
its Best app But i hate the Repeatedly update request,5,2025-10-02,Commercial Bank of Ethiopia,Google Play Store,best app hate repeatedly update request,False,False,False,False,False,False,False,Positive
imoo,3,2025-10-02,Commercial Bank of Ethiopia,Google Play Store,imoo,False,False,False,False,False,False,False,Neutral
"it was good since it become a robber the vat ,tax,service charge,unbelievable charge to send to other bank, monthly charge,etc i hope one international bank comes and we all leave this bank. enough is enough",1,2025-10-02,Commercial Bank of Ethiopia,Google Play Store,good since become robber vat tax service charge unbelievable charge send bank monthly charge etc hope one international bank comes leave bank enough enough,False,False,False,False,False,False,False,Negative
screen shoot always not allowed why?,5,2025-10-02,Commercial Bank of Ethiopia,Google Play Store,screen shoot always allowed,False,False,False,False,False,False,False,Positive
enkorabetalen,5,2025-10-01,Commercial Bank of Ethiopia,Google Play Store,enkorabetalen,False,False,False,False,False,False,False,Positive
Gamada mahamadi,1,2025-10-01,Commercial Bank of Ethiopia,Google Play Store,gamada mahamadi,False,False,False,False,False,False,False,Negative
it is very good banking web but its network is sometimes busy i hope they willfix the problem,4,2025-09-30,Commercial Bank of Ethiopia,Google Play Store,good banking web network sometimes busy hope willfix problem,False,False,False,False,False,False,False,Positive
verfcasencod,5,2025-09-30,Commercial Bank of Ethiopia,Google Play Store,verfcasencod,False,False,False,False,False,False,False,Positive
you can't get your own transaction history,1,2025-09-29,Commercial Bank of Ethiopia,Google Play Store,get transaction history,False,False,False,False,False,False,False,Negative
sintu,5,2025-09-29,Commercial Bank of Ethiopia,Google Play Store,sintu,False,False,False,False,False,False,False,Positive
BEST,5,2025-09-28,Commercial Bank of Ethiopia,Google Play Store,best,False,False,False,False,False,False,False,Positive
Bank of Ethiopia,5,2025-09-28,Commercial Bank of Ethiopia,Google Play Store,bank ethiopia,False,False,False,False,False,False,False,Positive
"All most Good, but need improvement",5,2025-09-27,Commercial Bank of Ethiopia,Google Play Store,good need improvement,False,False,False,False,False,False,False,Positive
"Great application for me,So I would like to rate with Solid 5 star.That It works well overall. So hello everyone enjoy the apps",5,2025-09-27,Commercial Bank of Ethiopia,Google Play Store,great application would like rate solid star works well overall hello everyone enjoy apps,False,False,False,False,False,False,False,Positive
poor app all of you guys delete CBE and download BOA,1,2025-09-27,Commercial Bank of Ethiopia,Google Play Store,poor app guys delete cbe download boa,False,False,False,False,False,False,False,Negative
niceapp,5,2025-09-27,Commercial Bank of Ethiopia,Google Play Store,niceapp,False,False,False,False,False,False,False,Positive
the best app of all,5,2025-09-25,Commercial Bank of Ethiopia,Google Play Store,best app,False,False,False,False,False,False,False,Positive
‚ù§Ô∏è,5,2025-09-25,Commercial Bank of Ethiopia,Google Play Store,,False,False,False,False,False,False,False,Positive
"Most of the time when I try to open the app, it does not load. The circle keeps spinning as if it is trying to open, and get a message saying "" 2 attempts left for offline login"". This seems to mean that the app cannot connect to the internet, even though I have a stable internet connection, and all other stuff work properly.",2,2025-09-24,Commercial Bank of Ethiopia,Google Play Store,time try open app load circle keeps spinning trying open get message saying attempts left offline login seems mean app cannot connect internet even though stable internet connection stuff work properly,False,False,True,False,False,False,False,Negative
Juhaar,5,2025-09-24,Commercial Bank of Ethiopia,Google Play Store,juhaar,False,False,False,False,False,False,False,Positive
I am using CBE app very fantastic.,5,2025-09-24,Commercial Bank of Ethiopia,Google Play Store,using cbe app fantastic,False,False,False,False,False,False,False,Positive
bist app tankyou,4,2025-09-23,Commercial Bank of Ethiopia,Google Play Store,bist app tankyou,False,False,False,False,False,False,False,Positive
this is very useful and consistent app,5,2025-09-23,Commercial Bank of Ethiopia,Google Play Store,useful consistent app,False,False,False,False,False,False,False,Positive
"this application provides timely service in a good, fast and reliable manner.",5,2025-09-23,Commercial Bank of Ethiopia,Google Play Store,application provides timely service good fast reliable manner,False,False,False,False,False,False,False,Positive
So good,5,2025-09-23,Commercial Bank of Ethiopia,Google Play Store,good,False,False,False,False,False,False,False,Positive
it will be more better if the app have the feature receipt verifying from QR CODE SCREENSHOT IMAGES FROM gallery ... currently IT WORKS ONLY FROM DIRECT CAMERA CAPTURING,4,2025-09-23,Commercial Bank of Ethiopia,Google Play Store,better app feature receipt verifying qr code screenshot images gallery currently works direct camera capturing,False,False,False,False,False,False,False,Positive
"From the UX perspective it can be better, it's old and it's not obvious where you can find some things",3,2025-09-22,Commercial Bank of Ethiopia,Google Play Store,ux perspective better old obvious find things,False,False,False,False,False,False,False,Neutral
It is amazing app but it is more better if it is possible to transfer from account to other telebirr,5,2025-09-22,Commercial Bank of Ethiopia,Google Play Store,amazing app better possible transfer account telebirr,False,False,False,False,False,True,False,Positive
"The app was great while it was active. However, after the app did an update, I lost connection with a message ""Network Error"". Please try to fix it as there are many clients of CBE using this app globally from abroad countries.",3,2025-09-21,Commercial Bank of Ethiopia,Google Play Store,app great active however app update lost connection message network error please try fix many clients cbe using app globally abroad countries,False,False,False,True,False,False,False,Neutral
very important app,4,2025-09-21,Commercial Bank of Ethiopia,Google Play Store,important app,False,False,False,False,False,False,False,Positive
the best of all mobile banking in Ethiopia works perfectly fine,5,2025-09-21,Commercial Bank of Ethiopia,Google Play Store,best mobile banking ethiopia works perfectly fine,False,False,False,False,False,False,False,Positive
DANTRO BAND!!!,5,2025-09-21,Commercial Bank of Ethiopia,Google Play Store,dantro band,False,False,False,False,False,False,False,Positive
some time when make transfer from Mobile account to other cbebirr wallet no show customer name so please check it......thanks my cbe.. cbebirr application very nice application wallet,5,2025-09-20,Commercial Bank of Ethiopia,Google Play Store,time make transfer mobile account cbebirr wallet show customer name please check thanks cbe cbebirr application nice application wallet,False,False,False,False,False,True,False,Positive
this app is very useful but sometimes when you want to see specific transactions it didn't work so that way i gave 3,3,2025-09-20,Commercial Bank of Ethiopia,Google Play Store,app useful sometimes want see specific transactions work way gave,False,False,False,False,False,False,False,Neutral
why i must visit the branch i opened my account to activate the mobile banking services? if it a connected network it maybe done from any branch.,1,2025-09-20,Commercial Bank of Ethiopia,Google Play Store,must visit branch opened account activate mobile banking services connected network maybe done branch,False,False,False,False,False,False,False,Negative
·ä†·à™·çç ·äê·ãç ·ä†·àÅ·äï ·ã∞·åç·àû ·ä•·àµ·ä≠·à™·äï ·àπ·âµ ·àõ·à®·åç ·â†·àò·âª·àå ·ã∞·åç·â•·àé·äõ·àç,5,2025-09-20,Commercial Bank of Ethiopia,Google Play Store,,False,False,False,False,False,False,False,Positive
asfaw damse,5,2025-09-19,Commercial Bank of Ethiopia,Google Play Store,asfaw damse,False,False,False,False,False,False,False,Positive
jabadhaa namatii tolataan,5,2025-09-19,Commercial Bank of Ethiopia,Google Play Store,jabadhaa namatii tolataan,False,False,False,False,False,False,False,Positive
"The App is very good in its interface and user friendly. But it could be a pro app had it had additional feature that let us run multiple accounts on a single phone with an option of ""additional"" account!",3,2025-09-19,Commercial Bank of Ethiopia,Google Play Store,app good interface user friendly could pro app additional feature let us run multiple accounts single phone option additional account,False,False,False,False,False,False,False,Neutral
The app is user friendly. But i want some amendment or include option of sending money to other tele birr like other cbe birr.,4,2025-09-18,Commercial Bank of Ethiopia,Google Play Store,app user friendly want amendment include option sending money tele birr like cbe birr,False,False,False,False,False,False,False,Positive
Truly amazing!,5,2025-09-18,Commercial Bank of Ethiopia,Google Play Store,truly amazing,False,False,False,False,False,False,False,Positive
Doesn't have option to generate statement for transactions,3,2025-09-18,Commercial Bank of Ethiopia,Google Play Store,option generate statement transactions,False,False,False,False,False,False,False,Neutral
üòé,5,2025-09-18,Commercial Bank of Ethiopia,Google Play Store,,False,False,False,False,False,False,False,Positive
JanaleBl,5,2025-09-17,Commercial Bank of Ethiopia,Google Play Store,janalebl,False,False,False,False,False,False,False,Positive
nice application,5,2025-09-17,Commercial Bank of Ethiopia,Google Play Store,nice application,False,False,False,False,False,False,False,Positive
WaaaaaaaW,1,2025-09-17,Commercial Bank of Ethiopia,Google Play Store,waaaaaaaw,False,False,False,False,False,False,False,Negative
very nice,5,2025-09-16,Commercial Bank of Ethiopia,Google Play Store,nice,False,False,False,False,False,False,False,Positive
Of,5,2025-09-16,Commercial Bank of Ethiopia,Google Play Store,,False,False,False,False,False,False,False,Positive
it's best app to use recently and upgraded day to day for internationalization,4,2025-09-16,Commercial Bank of Ethiopia,Google Play Store,best app use recently upgraded day day internationalization,False,False,False,False,False,False,False,Positive
Easy to use and not Complicated üëç,5,2025-09-15,Commercial Bank of Ethiopia,Google Play Store,easy use complicated,False,False,False,False,False,False,False,Positive
apdat the app,5,2025-09-14,Commercial Bank of Ethiopia,Google Play Store,apdat app,False,False,False,False,False,False,False,Positive
good in bankin at any time & any where.,5,2025-09-13,Commercial Bank of Ethiopia,Google Play Store,good bankin time,False,False,False,False,False,False,False,Positive
great,5,2025-09-13,Commercial Bank of Ethiopia,Google Play Store,great,False,False,False,False,False,False,False,Positive
"WHAT A USELESS APP! Transfers, wallet payments, other banks ‚Äî nothing works. Updated, restarted, cleared cache, reinstalled ‚Äî still useless. Crashed and forced me to visit a branch just to log in 3 times. One of the biggest banks in the country can‚Äôt fix issues a junior developer could solve. Completely unreliable. Big bank , Zero functionality!",1,2025-09-13,Commercial Bank of Ethiopia,Google Play Store,useless app transfers wallet payments banks nothing works updated restarted cleared cache reinstalled still useless crashed forced visit branch log times one biggest banks country fix issues junior developer could solve completely unreliable big bank zero functionality,False,True,False,False,False,True,False,Negative
it is best to me,1,2025-09-13,Commercial Bank of Ethiopia,Google Play Store,best,False,False,False,False,False,False,False,Negative
hayizgi mebrahtom feshay,5,2025-09-13,Commercial Bank of Ethiopia,Google Play Store,hayizgi mebrahtom feshay,False,False,False,False,False,False,False,Positive
Excellent app,5,2025-09-12,Commercial Bank of Ethiopia,Google Play Store,excellent app,False,False,False,False,False,False,False,Positive
after apdate the app doesn't work any thing else it said enable to connects,1,2025-09-12,Commercial Bank of Ethiopia,Google Play Store,apdate app work thing else said enable connects,False,False,False,False,False,False,False,Negative
love,5,2025-09-12,Commercial Bank of Ethiopia,Google Play Store,love,False,False,False,False,False,False,False,Positive
Hasasa bank,1,2025-09-11,Commercial Bank of Ethiopia,Google Play Store,hasasa bank,False,False,False,False,False,False,False,Negative
All ways Trusted.,5,2025-09-11,Commercial Bank of Ethiopia,Google Play Store,ways trusted,False,False,False,False,False,False,False,Positive
best MB application in Ethiopia financial sector.,5,2025-09-11,Commercial Bank of Ethiopia,Google Play Store,best mb application ethiopia financial sector,False,False,False,False,False,False,False,Positive
I like this app,5,2025-09-11,Commercial Bank of Ethiopia,Google Play Store,like app,False,False,False,False,False,False,False,Positive
am tired why I have to update every 5 day,1,2025-09-11,Commercial Bank of Ethiopia,Google Play Store,tired update every day,False,False,False,False,False,False,False,Negative
usb debugig mode bicha off endidereg axrigu like awash bank,1,2025-09-10,Commercial Bank of Ethiopia,Google Play Store,usb debugig mode bicha endidereg axrigu like awash bank,False,False,False,False,True,False,False,Negative
good morning üôè,5,2025-09-10,Commercial Bank of Ethiopia,Google Play Store,good morning,False,False,False,False,False,False,False,Positive
am happy üòÉ,5,2025-09-09,Commercial Bank of Ethiopia,Google Play Store,happy,False,False,False,False,False,False,False,Positive
wowww,5,2025-09-08,Commercial Bank of Ethiopia,Google Play Store,wowww,False,False,False,False,False,False,False,Positive
KEHRU nasir AbFIXA,5,2025-09-08,Commercial Bank of Ethiopia,Google Play Store,kehru nasir abfixa,False,False,False,False,False,False,False,Positive
It is well organized.,5,2025-09-08,Commercial Bank of Ethiopia,Google Play Store,well organized,False,False,False,False,False,False,False,Positive
Can't see the nearest Branch or ATM available,2,2025-09-08,Commercial Bank of Ethiopia,Google Play Store,see nearest branch atm available,False,False,False,False,False,False,False,Negative
the app does not open,1,2025-09-07,Commercial Bank of Ethiopia,Google Play Store,app open,False,False,False,False,False,False,False,Negative
from Monk,3,2025-09-06,Commercial Bank of Ethiopia,Google Play Store,monk,False,False,False,False,False,False,False,Neutral
"Amazing, Delightful and Seamless Mobile Banking Application, I have ever Experienced!! Indeed, I feel Great Proud to be part of your Stakeholder! My First Choice Bank, Commercial Bank of Ethiopia, The Pioneer and Leading in Digital Banking Services in Ethiopia! Five stars ‚≠ê‚≠ê‚≠ê‚≠ê‚≠ê are little to you! Thank you so muchüôè",5,2025-09-06,Commercial Bank of Ethiopia,Google Play Store,amazing delightful seamless mobile banking application ever experienced indeed feel great proud part stakeholder first choice bank commercial bank ethiopia pioneer leading digital banking services ethiopia five stars little thank much,False,False,False,False,False,False,False,Positive
incredible,5,2025-09-06,Commercial Bank of Ethiopia,Google Play Store,incredible,False,False,False,False,False,False,False,Positive
·ã®·ãö·àÖ ·ä†·çï ·â∞·å†·âÉ·àö ·äê·â†·à≠·ä© ·ã´·àà·àÅ·âµ ·ä®·àÄ·åà·à≠ ·ãç·å≠ ·äê·ãç ·ä•·äì ·ä•·ã®·â∞·å†·âÄ·àù·ä©·â†·âµ ·à≥·àà ·ä†·â•·ã∞·âµ ·ä†·ãµ·à≠·åä ·ä†·àà·äù ·à≥·à®·åà·ãç ·çì·àµ·ãà·à≠·ãµ ·ä•·äï·ã¥ ·ä†·ãµ·àµ ·å†·ã®·âÄ·äù ·ä•·äï·ã¥·ãç ·ä•·äî ·ä†·àà·àÅ·â†·âµ ·àÄ·åà·à≠ ·àÜ·äò ·àò·àµ·â∞·ä´·ä®·àç ·ä®·âª·àà ·â∞·â£·â†·à©·äù ·â†·å£·àù ·ä†·àµ·çà·àã·åä·ã¨ ·äê·ãç ::,5,2025-09-06,Commercial Bank of Ethiopia,Google Play Store,,False,False,False,False,False,False,False,Positive
it's the best money transfer app ever,5,2025-09-06,Commercial Bank of Ethiopia,Google Play Store,best money transfer app ever,False,False,False,False,False,True,False,Positive
it is nice,5,2025-09-05,Commercial Bank of Ethiopia,Google Play Store,nice,False,False,False,False,False,False,False,Positive
user friendly. best.,5,2025-09-05,Commercial Bank of Ethiopia,Google Play Store,user friendly best,False,False,False,False,False,False,False,Positive
üôè,5,2025-09-05,Commercial Bank of Ethiopia,Google Play Store,,False,False,False,False,False,False,False,Positive
·ä†·à™·çç,5,2025-09-05,Commercial Bank of Ethiopia,Google Play Store,,False,False,False,False,False,False,False,Positive
best app!!!,5,2025-09-05,Commercial Bank of Ethiopia,Google Play Store,best app,False,False,False,False,False,False,False,Positive
"It is good app and really user friendly , but it not possible to start service after the app is uninstalled or device phone is changed. So please make it easy for us, after once you set us the requirements in your office we should have to use it only by install and launch it. We do not have to visit the near by branch office every time for such silly businesses but important things. in addition to that why is that for hidding senders name or account number How can I know who tranfers to me???",4,2025-09-05,Commercial Bank of Ethiopia,Google Play Store,good app really user friendly possible start service app uninstalled device phone changed please make easy us set us requirements office use install launch visit near branch office every time silly businesses important things addition hidding senders name account number know tranfers,False,False,False,False,False,False,False,Positive
very good app,5,2025-09-05,Commercial Bank of Ethiopia,Google Play Store,good app,False,False,False,False,False,False,False,Positive
jabirabdala,5,2025-09-04,Commercial Bank of Ethiopia,Google Play Store,jabirabdala,False,False,False,False,False,False,False,Positive
unfair cost of transportations... what a shame!!!,1,2025-09-04,Commercial Bank of Ethiopia,Google Play Store,unfair cost transportations shame,False,False,False,False,False,False,False,Negative
"I think it is a good app to use easily. However, I have one more comment: the app does not automatically sync or update the balance in real time. Please review this issue. For example, when someone transfers money, the receiver's app does not sync automatically. It requires the user to manually initiate an update to see the current balance.",4,2025-09-04,Commercial Bank of Ethiopia,Google Play Store,think good app use easily however one comment app automatically sync update balance real time please review issue example someone transfers money receiver app sync automatically requires user manually initiate update see current balance,False,False,False,False,False,True,False,Positive
WAW!!! I AM PROUD!!! MY STRONG BANK WORKS AT BEST EVEN IN A REMOTE LOCATION HERE IN MALABO (ECUATORIAL GUINEA). MEWOLID MUBARAK CBE!!!,5,2025-09-04,Commercial Bank of Ethiopia,Google Play Store,waw proud strong bank works best even remote location malabo ecuatorial guinea mewolid mubarak cbe,False,False,False,False,False,False,False,Positive
zinaa Ahmed,5,2025-09-04,Commercial Bank of Ethiopia,Google Play Store,zinaa ahmed,False,False,False,False,False,False,False,Positive
absolutely excellent,5,2025-09-04,Commercial Bank of Ethiopia,Google Play Store,absolutely excellent,False,False,False,False,False,False,False,Positive
amazing app,5,2025-09-03,Commercial Bank of Ethiopia,Google Play Store,amazing app,False,False,False,False,False,False,False,Positive
perfect and easy,5,2025-09-03,Commercial Bank of Ethiopia,Google Play Store,perfect easy,False,False,False,False,False,False,False,Positive
fastest,5,2025-09-03,Commercial Bank of Ethiopia,Google Play Store,fastest,False,False,False,False,False,False,False,Positive
My account is not working,4,2025-09-03,Commercial Bank of Ethiopia,Google Play Store,account working,False,False,False,False,False,False,False,Positive
The recent update is not optimized fir latest version of android,2,2025-09-02,Commercial Bank of Ethiopia,Google Play Store,recent update optimized fir latest version android,False,False,False,False,False,False,False,Negative
topp,5,2025-09-02,Commercial Bank of Ethiopia,Google Play Store,topp,False,False,False,False,False,False,False,Positive
I appreciate it,5,2025-09-01,Commercial Bank of Ethiopia,Google Play Store,appreciate,False,False,False,False,False,False,False,Positive
v.good app,5,2025-09-01,Commercial Bank of Ethiopia,Google Play Store,v good app,False,False,False,False,False,False,False,Positive
sahib amin jamal,1,2025-08-31,Commercial Bank of Ethiopia,Google Play Store,sahib amin jamal,False,False,False,False,False,False,False,Negative
installi,5,2025-08-31,Commercial Bank of Ethiopia,Google Play Store,installi,False,False,False,False,False,False,False,Positive
very good apps,5,2025-08-30,Commercial Bank of Ethiopia,Google Play Store,good apps,False,False,False,False,False,False,False,Positive
üëçüëçüëçüëç,1,2025-08-30,Commercial Bank of Ethiopia,Google Play Store,,False,False,False,False,False,False,False,Negative
the app say it is not compatible with ur phone can u fix it it is not updating.,1,2025-08-30,Commercial Bank of Ethiopia,Google Play Store,app say compatible ur phone u fix updating,False,False,False,False,False,False,False,Negative
"I would like to give you some feedback on Current update, its very nice and easy to useüëç but in some button there is still not improved For example while iwant to check my recent Txn it not well sequenced and arranged or some txn may not appear ... becouse of this i see many of users of this app discomferted maily merchants and those make High txn daily. improve and miximize the txn shown to 300 up to 500. make Searchable Recent txn button! All in all the bank i Relly on! CBE my bank !",5,2025-08-29,Commercial Bank of Ethiopia,Google Play Store,would like give feedback current update nice easy use button still improved example iwant check recent txn well sequenced arranged txn may appear becouse see many users app discomferted maily merchants make high txn daily improve miximize txn shown make searchable recent txn button bank relly cbe bank,False,False,False,False,False,False,False,Positive
tinishu titiba,5,2025-08-29,Commercial Bank of Ethiopia,Google Play Store,tinishu titiba,False,False,False,False,False,False,False,Positive
"essy to use ,has great interface and user-friendly g",5,2025-08-29,Commercial Bank of Ethiopia,Google Play Store,essy use great interface user friendly g,False,False,False,False,False,False,False,Positive
Yuuuuu,5,2025-08-29,Commercial Bank of Ethiopia,Google Play Store,yuuuuu,False,False,False,False,False,False,False,Positive
I found it very much friendly,5,2025-08-29,Commercial Bank of Ethiopia,Google Play Store,found much friendly,False,False,False,False,False,False,False,Positive
"Very useful app, while we use CBE.",5,2025-08-28,Commercial Bank of Ethiopia,Google Play Store,useful app use cbe,False,False,False,False,False,False,False,Positive
woooow,5,2025-08-28,Commercial Bank of Ethiopia,Google Play Store,woooow,False,False,False,False,False,False,False,Positive
Redmi,1,2025-08-28,Commercial Bank of Ethiopia,Google Play Store,redmi,False,False,False,False,False,False,False,Negative
·ä†·à≠·çç ·äê·ãç ·äê·åà·à≠ ·åç·äï ·à¥·â• ·ã´·à®·åà·ãç·äï ·ä†·ä´·ãç·äï·âµ ·ä•·ã´·å†·çã·â•·äï ·äê·ãç,5,2025-08-28,Commercial Bank of Ethiopia,Google Play Store,,False,False,False,False,False,False,False,Positive
kamil aweil,5,2025-08-28,Commercial Bank of Ethiopia,Google Play Store,kamil aweil,False,False,False,False,False,False,False,Positive
In your next update can you come with night mode future,5,2025-08-27,Commercial Bank of Ethiopia,Google Play Store,next update come night mode future,False,False,False,False,False,False,False,Positive
"Truly, super competitive when compared to a well known app nowadays functioning broadly by simplest features and means namely known as Telebirr super app, Thus, CBE is my top ultimate choice that I prefer over the other bank due to its beautiful power of lead as a result I could recommend CBE to others because of its service provision via ethical principles and practice for customers satisfaction with existence of constraints and challenges face from burglary and froudalent hacker. Thank you !",5,2025-08-27,Commercial Bank of Ethiopia,Google Play Store,truly super competitive compared well known app nowadays functioning broadly simplest features means namely known telebirr super app thus cbe top ultimate choice prefer bank due beautiful power lead result could recommend cbe others service provision via ethical principles practice customers satisfaction existence constraints challenges face burglary froudalent hacker thank,False,False,False,False,False,False,False,Positive
mayreba app you its better if you use other banks,1,2025-08-27,Commercial Bank of Ethiopia,Google Play Store,mayreba app better use banks,False,False,False,False,False,False,False,Negative
Not Prefect Transfer To Other Bank The Mony Not Deliverd Imidetliy Take Three Or Five Days,1,2025-08-27,Commercial Bank of Ethiopia,Google Play Store,prefect transfer bank mony deliverd imidetliy take three five days,False,False,False,False,False,True,False,Negative
let us know before you shut down the app,4,2025-08-27,Commercial Bank of Ethiopia,Google Play Store,let us know shut app,False,False,False,False,False,False,False,Positive
excited,5,2025-08-27,Commercial Bank of Ethiopia,Google Play Store,excited,False,False,False,False,False,False,False,Positive
amizing,5,2025-08-26,Commercial Bank of Ethiopia,Google Play Store,amizing,False,False,False,False,False,False,False,Positive
love it,5,2025-08-26,Commercial Bank of Ethiopia,Google Play Store,love,False,False,False,False,False,False,False,Positive
yes it is v good,5,2025-08-26,Commercial Bank of Ethiopia,Google Play Store,yes v good,False,False,False,False,False,False,False,Positive
A great update in the Mobile Banking Application. Thanks for the System and customization department,5,2025-08-26,Commercial Bank of Ethiopia,Google Play Store,great update mobile banking application thanks system customization department,False,False,False,False,False,False,False,Positive
this app is smart.,5,2025-08-26,Commercial Bank of Ethiopia,Google Play Store,app smart,False,False,False,False,False,False,False,Positive
I am happy,5,2025-08-26,Commercial Bank of Ethiopia,Google Play Store,happy,False,False,False,False,False,False,False,Positive
Still I have not face critical problems sometimes delay to open,4,2025-08-26,Commercial Bank of Ethiopia,Google Play Store,still face critical problems sometimes delay open,False,False,False,False,False,False,False,Positive
·å§·äì ·ä®·ãµ·à®,5,2025-08-25,Commercial Bank of Ethiopia,Google Play Store,,False,False,False,False,False,False,False,Positive
The connection between bank and the app is lag relationship this must be corrected.,4,2025-08-25,Commercial Bank of Ethiopia,Google Play Store,connection bank app lag relationship must corrected,False,False,False,False,False,False,False,Positive
I have forgotten mobail banking password,5,2025-08-25,Commercial Bank of Ethiopia,Google Play Store,forgotten mobail banking password,False,False,False,False,False,False,False,Positive
Thank you,5,2025-08-25,Commercial Bank of Ethiopia,Google Play Store,thank,False,False,False,False,False,False,False,Positive
muktaar Abraahim,5,2025-08-25,Commercial Bank of Ethiopia,Google Play Store,muktaar abraahim,False,False,False,False,False,False,False,Positive
ü§ûGood One,5,2025-08-24,Commercial Bank of Ethiopia,Google Play Store,good one,False,False,False,False,False,False,False,Positive
why does it say change pin to 6 digits is that right?,4,2025-08-24,Commercial Bank of Ethiopia,Google Play Store,say change pin digits right,False,False,False,False,False,False,False,Positive
One of the worst mobile banking apps in Ethiopia. You can't access your txn record for more than 2 weeks.,1,2025-08-24,Commercial Bank of Ethiopia,Google Play Store,one worst mobile banking apps ethiopia access txn record weeks,False,False,False,False,False,False,False,Negative
i like it and aprshat.,4,2025-08-23,Commercial Bank of Ethiopia,Google Play Store,like aprshat,False,False,False,False,False,False,False,Positive
"The app has some issues I updated recently and now I am not able to send funds to my telebirr wallet, also we need to have a place we save our contacts where we usually send money to, after update I keep loosing all the important accounts.",4,2025-08-23,Commercial Bank of Ethiopia,Google Play Store,app issues updated recently able send funds telebirr wallet also need place save contacts usually send money update keep loosing important accounts,False,False,False,False,False,False,False,Positive
best app and easy to use,5,2025-08-23,Commercial Bank of Ethiopia,Google Play Store,best app easy use,False,False,False,False,False,False,False,Positive
doesn't work unless with data doesn't refresh fast other wise functions ok but after the update transferring to telebirr is not working,2,2025-08-23,Commercial Bank of Ethiopia,Google Play Store,work unless data refresh fast wise functions ok update transferring telebirr working,False,False,False,False,False,True,False,Negative
List of transactions can't load over months and years..,1,2025-08-23,Commercial Bank of Ethiopia,Google Play Store,list transactions load months years,False,False,False,False,False,False,False,Negative
transferring money to telebirr is not working,1,2025-08-23,Commercial Bank of Ethiopia,Google Play Store,transferring money telebirr working,False,False,False,False,False,True,False,Negative
I don't Like this app and there service fee is highl,5,2025-08-23,Commercial Bank of Ethiopia,Google Play Store,like app service fee highl,False,False,False,False,False,False,False,Positive
·ä†·ã≤·à± Update ·å•·à© ·ä†·ã≠·ã∞·àà·àù. Update ·ä´·ã∞·à®·åç·ä©·âµ ·â†·äã·àã ·ä®·ãö·àÖ ·â†·çä·âµ ·àµ·àã·àã·ä≠·â£·â∏·ãç ·ã®·äê·â†·à©·âµ·äï Save ·ä†·ãµ·à≠·åé ·ã≠·ãû·âµ ·ã®·äê·â†·à®·ãç·äï ·àÅ·àâ·äï·àù ·ã®·à∞·ãé·âΩ ·ä†·ä´·ãç·äï·â∂·âΩ ·ä†·å•·çç·â∂·â•·äõ·àç.,2,2025-08-23,Commercial Bank of Ethiopia,Google Play Store,update update save,False,False,False,False,False,False,False,Negative
this application do not show over all transaction history,3,2025-08-23,Commercial Bank of Ethiopia,Google Play Store,application show transaction history,False,False,False,False,False,False,False,Neutral
this app is very nice but statment history is very shiort atlist add 15 days,4,2025-08-23,Commercial Bank of Ethiopia,Google Play Store,app nice statment history shiort atlist add days,False,False,False,False,False,False,False,Positive
"This app stooped working after i updated it. It says change password and i did, but it doesn't open with the new password. I don't like it.",1,2025-08-23,Commercial Bank of Ethiopia,Google Play Store,app stooped working updated says change password open new password like,False,False,False,False,False,False,False,Negative
best and secured application,5,2025-08-23,Commercial Bank of Ethiopia,Google Play Store,best secured application,False,False,False,False,False,False,False,Positive
This application is excellent .,5,2025-08-22,Commercial Bank of Ethiopia,Google Play Store,application excellent,False,False,False,False,False,False,False,Positive
